Player,Team,Human Tracker,Model EV,Locked Vote,Low,High,3s,2s,1s,0.5s,Confidence,Fringe Share
Nick Daicos,Collingwood,46.0,44.789,45,43,47,11,4,5,0,Very High,0.1087
Bailey Smith,Geelong,31.5,30.742,31,29,33,7,4,1,3,Very High,0.0794
Marcus Bontempelli,Western Bulldogs,32.0,30.701,31,29,33,8,3,1,2,Very High,0.0625
Will Ashcroft,Brisbane,27.0,25.808,26,24,28,6,3,3,0,Very High,0.1111
Patrick Cripps,Carlton,25.0,24.592,25,22,27,6,2,2,2,Very High,0.12
Max Gawn,Melbourne,24.5,24.422,24,23,26,3,7,0,3,Very High,0.0612
Izak Rankine,Adelaide,23.5,23.714,24,22,25,5,4,0,1,High,0.0213
Isaac Heeney,Sydney,23.0,22.575,23,20,25,6,1,2,2,High,0.1304
Luke Jackson,Fremantle,23.0,22.445,22,19,26,5,2,2,4,Medium,0.1739
Lachie Neale,Brisbane,22.5,21.995,22,20,24,3,6,0,3,High,0.0667
Ed Richards,Western Bulldogs,21.5,21.947,22,20,24,6,1,1,1,High,0.0698
Jordan Dawson,Adelaide,21.0,21.708,22,18,25,3,4,3,2,Medium,0.1905
Nasiah Wanganeen-Milera,St Kilda,21.0,21.588,22,20,24,5,2,1,2,High,0.0952
Jai Newcombe,Hawthorn,21.5,21.547,22,20,23,5,3,0,1,High,0.0233
Harry Sheezel,North Melbourne,21.5,19.077,19,15,23,3,2,7,3,Medium,0.3953
Kysaiah Pickett,Melbourne,18.0,18.882,19,17,21,5,1,1,0,High,0.0556
Jason Horne-Francis,Port Adelaide,19.5,18.79,19,16,21,3,3,4,1,High,0.2308
Errol Gulden,Sydney,17.0,17.142,17,16,19,5,1,0,0,Medium,0.0
Zak Butters,Port Adelaide,17.0,16.874,17,14,20,3,2,2,4,Medium,0.2353
Max Holmes,Geelong,17.0,16.652,17,15,18,3,4,0,0,Medium,0.0
Zac Bailey,Brisbane,17.5,16.464,16,13,20,2,3,5,1,Medium,0.3143
Murphy Reid,Fremantle,16.0,15.649,16,13,18,3,2,2,2,Medium,0.1875
Harley Reid,West Coast,16.5,15.601,16,14,18,3,3,1,1,Medium,0.0909
Luke Davies-Uniacke,North Melbourne,15.5,14.876,15,12,18,2,3,2,3,Medium,0.2258
Tom Sparrow,Melbourne,16.0,14.719,15,12,17,2,3,2,4,Medium,0.25
Chad Warner,Sydney,15.0,14.397,14,12,17,0,6,2,2,Medium,0.2
Caleb Serong,Fremantle,14.5,14.035,14,12,16,4,1,0,1,Medium,0.0345
Brodie Grundy,Sydney,15.5,13.938,14,11,17,2,3,3,1,Medium,0.2258
Toby Greene,Greater Western Sydney,14.5,13.405,13,10,16,2,2,4,1,Medium,0.3103
Andrew Brayshaw,Fremantle,13.0,12.58,13,11,14,2,3,0,2,Medium,0.0769
Clayton Oliver,Greater Western Sydney,13.5,12.402,12,9,16,3,0,3,3,Medium,0.3333
Sam Walsh,Carlton,13.0,11.79,12,8,15,2,1,3,4,Medium,0.3846
Connor Macdonald,Hawthorn,12.5,11.718,12,10,14,1,4,1,1,Medium,0.12
Shai Bolton,Fremantle,12.5,11.718,12,10,14,1,4,1,1,Medium,0.12
Noah Anderson,Gold Coast,12.0,11.167,11,8,14,1,3,3,0,Medium,0.25
Jarman Impey,Hawthorn,11.5,10.815,11,9,13,2,2,1,1,Medium,0.1304
Josh Daicos,Collingwood,11.5,10.685,11,8,13,1,3,2,1,Medium,0.2174
Christian Petracca,Gold Coast,11.0,10.564,11,9,12,3,1,0,0,Medium,0.0
Josh Treacy,Fremantle,11.0,10.304,10,8,13,1,3,2,0,Medium,0.1818
John Noble,Gold Coast,10.5,9.952,10,8,12,2,2,0,1,Medium,0.0476
Max Hall,St Kilda,11.0,9.864,10,6,14,1,1,5,2,Medium,0.5455
Touk Miller,Gold Coast,10.5,9.822,10,8,12,1,3,1,1,Medium,0.1429
George Hewett,Carlton,10.5,9.782,10,7,12,2,1,2,1,Medium,0.2381
Tim Taranto,Richmond,10.5,9.682,10,7,12,2,1,1,3,Medium,0.2381
Jacob van Rooyen,Melbourne,10.0,9.571,10,8,11,2,2,0,0,Medium,0.0
Shaun Mannagh,Geelong,10.0,9.441,9,7,11,1,3,1,0,Medium,0.1
Charlie Curnow,Sydney,10.0,9.401,9,7,12,2,1,2,0,Medium,0.2
Jagga Smith,Carlton,10.0,9.041,9,6,13,0,3,3,2,Medium,0.4
Lachie Ash,Greater Western Sydney,9.5,8.819,9,7,11,2,1,0,3,Low,0.1579
Wayne Milera,Adelaide,9.5,8.789,9,6,12,1,2,2,1,Low,0.2632
Jye Amiss,Fremantle,8.5,7.926,8,6,10,1,2,1,1,Low,0.1765
Finn Callaghan,Greater Western Sydney,8.5,7.786,8,5,11,2,0,1,3,Low,0.2941
Matt Rowell,Gold Coast,8.0,7.775,8,4,11,1,1,2,2,Low,0.375
Sam Berry,Adelaide,8.5,7.756,8,4,11,1,1,3,1,Low,0.4118
Lachie Whitfield,Greater Western Sydney,8.0,7.675,8,6,9,2,1,0,0,Low,0.0
Justin McInerney,Sydney,8.0,7.545,8,5,10,1,2,1,0,Low,0.125
Logan Morris,Brisbane,7.5,7.023,7,5,10,2,0,1,1,Low,0.2
Jordan De Goey,Collingwood,7.5,6.833,7,4,9,0,3,0,3,Low,0.2
Nick Watson,Hawthorn,7.5,6.793,7,4,10,1,1,1,3,Low,0.3333
Caleb Daniel,North Melbourne,7.0,6.642,7,4,9,2,0,1,0,Low,0.1429
Bradley Hill,St Kilda,7.0,6.512,7,4,9,1,1,2,0,Low,0.2857
Nick Blakey,Sydney,7.0,6.512,7,4,9,1,1,2,0,Low,0.2857
Oliver Dempsey,Geelong,7.0,6.512,7,4,9,1,1,2,0,Low,0.2857
Hugo Garcia,St Kilda,7.0,6.412,6,3,9,1,1,1,2,Low,0.2857
Jack Gunston,Hawthorn,7.0,6.282,6,3,10,0,2,2,2,Low,0.4286
Darcy Cameron,Collingwood,6.5,6.07,6,4,8,0,3,0,1,Low,0.0769
Jack Ginnivan,Hawthorn,6.5,6.03,6,3,9,1,1,1,1,Low,0.2308
Zach Merrett,Essendon,6.5,6.03,6,3,9,1,1,1,1,Low,0.2308
Darcy Wilmot,Brisbane,6.0,5.648,6,3,8,1,1,1,0,Low,0.1667
Jack Sinclair,St Kilda,6.0,5.418,5,2,9,0,2,1,2,Low,0.3333
Archie Roberts,Essendon,5.5,5.167,5,3,7,1,1,0,1,Low,0.0909
Rowan Marshall,St Kilda,5.5,5.037,5,2,8,0,2,1,1,Low,0.2727
Jeremy Cameron,Geelong,5.5,4.997,5,1,9,1,0,2,1,Low,0.4545
Luke Parker,North Melbourne,5.5,4.897,5,1,9,1,0,1,3,Low,0.4545
Ben Ainsworth,Carlton,5.0,4.785,5,3,6,1,1,0,0,Low,0.0
Dylan Stephens,North Melbourne,5.0,4.785,5,3,6,1,1,0,0,Low,0.0
Riley Thilthorpe,Adelaide,5.0,4.785,5,3,6,1,1,0,0,Low,0.0
Josh Dunkley,Brisbane,5.5,4.767,5,0,9,0,1,2,3,Low,0.6364
Aliir Aliir,Port Adelaide,5.0,4.615,5,1,8,1,0,2,0,Low,0.4
Blake Hardwick,Hawthorn,5.0,4.615,5,1,8,1,0,2,0,Low,0.4
Tristan Xerri,North Melbourne,5.0,4.555,5,2,7,0,2,0,2,Low,0.2
Kade Chandler,Melbourne,5.0,4.415,4,1,8,1,0,0,4,Low,0.4
Dylan Moore,Hawthorn,4.5,4.134,4,1,7,1,0,1,1,Low,0.3333
Kai Lohmann,Brisbane,4.5,4.134,4,1,7,1,0,1,1,Low,0.3333
Josh Rachele,Adelaide,4.5,4.034,4,1,7,1,0,0,3,Low,0.3333
Jack Steele,Melbourne,4.5,4.004,4,0,8,0,1,2,1,Low,0.5556
Ryley Sanders,Western Bulldogs,4.5,4.004,4,0,8,0,1,2,1,Low,0.5556
Jake Stringer,Greater Western Sydney,4.0,3.792,4,2,5,0,2,0,0,Low,0.0
Patrick Dangerfield,Geelong,4.0,3.792,4,2,5,0,2,0,0,Low,0.0
Paul Curtis,North Melbourne,4.0,3.792,4,2,5,0,2,0,0,Low,0.0
Ed Langdon,Melbourne,4.0,3.752,4,1,7,1,0,1,0,Low,0.25
Harvey Langford,Melbourne,4.0,3.752,4,1,7,1,0,1,0,Low,0.25
Liam Ryan,St Kilda,4.0,3.752,4,1,7,1,0,1,0,Low,0.25
Scott Pendlebury,Collingwood,4.0,3.752,4,1,7,1,0,1,0,Low,0.25
Will Day,Hawthorn,4.0,3.652,4,1,6,1,0,0,2,Low,0.25
Callum Wilkie,St Kilda,4.0,3.522,4,0,8,0,1,1,2,Low,0.5
James Sicily,Hawthorn,3.5,3.271,3,1,5,1,0,0,1,Low,0.1429
Josh Ward,Hawthorn,3.5,3.271,3,1,5,1,0,0,1,Low,0.1429
Lawson Humphries,Geelong,3.5,3.271,3,1,5,1,0,0,1,Low,0.1429
Sam Durham,Essendon,3.5,3.271,3,1,5,1,0,0,1,Low,0.1429
Taylor Walker,Adelaide,3.5,3.271,3,1,5,1,0,0,1,Low,0.1429
Mitch Georgiades,Port Adelaide,3.5,3.141,3,0,7,0,1,1,1,Low,0.4286
Tim Kelly,West Coast,3.5,3.141,3,0,7,0,1,1,1,Low,0.4286
Ben King,Gold Coast,3.0,2.889,3,1,4,1,0,0,0,Low,0.0
Darcy Fogarty,Adelaide,3.0,2.889,3,1,4,1,0,0,0,Low,0.0
Jarrod Berry,Brisbane,3.0,2.889,3,1,4,1,0,0,0,Low,0.0
Jase Burgoyne,Port Adelaide,3.0,2.889,3,1,4,1,0,0,0,Low,0.0
Jordan Clark,Fremantle,3.0,2.889,3,1,4,1,0,0,0,Low,0.0
Karl Worner,Fremantle,3.0,2.889,3,1,4,1,0,0,0,Low,0.0
Mark Keane,Adelaide,3.0,2.889,3,1,4,1,0,0,0,Low,0.0
Noah Balta,Richmond,3.0,2.889,3,1,4,1,0,0,0,Low,0.0
Reuben Ginbey,West Coast,3.0,2.889,3,1,4,1,0,0,0,Low,0.0
Riley Bice,Sydney,3.0,2.889,3,1,4,1,0,0,0,Low,0.0
Shannon Neale,Geelong,3.0,2.889,3,1,4,1,0,0,0,Low,0.0
Aaron Naughton,Western Bulldogs,3.0,2.759,3,0,6,0,1,1,0,Low,0.3333
Bailey J. Williams,West Coast,3.0,2.759,3,0,6,0,1,1,0,Low,0.3333
Cam Mackenzie,Hawthorn,3.0,2.759,3,0,6,0,1,1,0,Low,0.3333
Darcy Parish,Essendon,3.0,2.759,3,0,6,0,1,1,0,Low,0.3333
Michael Frederick,Fremantle,3.0,2.759,3,0,6,0,1,1,0,Low,0.3333
Jy Simpkin,North Melbourne,3.0,2.659,3,0,6,0,1,0,2,Low,0.3333
Matthew Kennedy,Western Bulldogs,3.0,2.659,3,0,6,0,1,0,2,Low,0.3333
Bailey Williams,Western Bulldogs,3.0,2.589,3,0,8,0,0,3,0,Low,1.0
James Peatling,Adelaide,3.0,2.589,3,0,8,0,0,3,0,Low,1.0
Bodhi Uwland,Gold Coast,3.0,2.489,2,0,7,0,0,2,2,Low,1.0
Colby McKercher,North Melbourne,2.5,2.278,2,0,5,0,1,0,1,Low,0.2
Cooper Trembath,North Melbourne,2.5,2.278,2,0,5,0,1,0,1,Low,0.2
Dan Houston,Collingwood,2.5,2.278,2,0,5,0,1,0,1,Low,0.2
Dyson Sharp,Essendon,2.5,2.278,2,0,5,0,1,0,1,Low,0.2
Harry McKay,Carlton,2.5,2.278,2,0,5,0,1,0,1,Low,0.2
Jake Bowey,Melbourne,2.5,2.278,2,0,5,0,1,0,1,Low,0.2
Mitch Owens,St Kilda,2.5,2.278,2,0,5,0,1,0,1,Low,0.2
Hugh McCluggage,Brisbane,2.5,2.108,2,0,7,0,0,2,1,Low,1.0
Jack Ross,Richmond,2.5,2.108,2,0,7,0,0,2,1,Low,1.0
Joe Richards,Port Adelaide,2.5,2.108,2,0,7,0,0,2,1,Low,1.0
Levi Ashcroft,Brisbane,2.5,2.108,2,0,7,0,0,2,1,Low,1.0
Patrick Voss,Fremantle,2.5,2.108,2,0,7,0,0,2,1,Low,1.0
Tom Papley,Sydney,2.5,2.108,2,0,7,0,0,2,1,Low,1.0
Beau McCreery,Collingwood,2.0,1.896,2,0,3,0,1,0,0,Low,0.0
Daniel Rioli,Gold Coast,2.0,1.896,2,0,3,0,1,0,0,Low,0.0
Elliot Yeo,West Coast,2.0,1.896,2,0,3,0,1,0,0,Low,0.0
Francis Evans,Carlton,2.0,1.896,2,0,3,0,1,0,0,Low,0.0
Jack Darling,North Melbourne,2.0,1.896,2,0,3,0,1,0,0,Low,0.0
Joel Freijah,Western Bulldogs,2.0,1.896,2,0,3,0,1,0,0,Low,0.0
Lloyd Meek,Hawthorn,2.0,1.896,2,0,3,0,1,0,0,Low,0.0
Luke Ryan,Fremantle,2.0,1.896,2,0,3,0,1,0,0,Low,0.0
Malcolm Rosas,Sydney,2.0,1.896,2,0,3,0,1,0,0,Low,0.0
Mitch Lewis,Hawthorn,2.0,1.896,2,0,3,0,1,0,0,Low,0.0
Nate Caddy,Essendon,2.0,1.896,2,0,3,0,1,0,0,Low,0.0
Oliver Florent,Carlton,2.0,1.896,2,0,3,0,1,0,0,Low,0.0
Patrick Lipinski,Collingwood,2.0,1.896,2,0,3,0,1,0,0,Low,0.0
Talor Byrne,Carlton,2.0,1.896,2,0,3,0,1,0,0,Low,0.0
Toby Nankervis,Richmond,2.0,1.896,2,0,3,0,1,0,0,Low,0.0
Tom McCarthy,West Coast,2.0,1.896,2,0,3,0,1,0,0,Low,0.0
Tom McCartin,Sydney,2.0,1.896,2,0,3,0,1,0,0,Low,0.0
Will Hayward,Carlton,2.0,1.896,2,0,3,0,1,0,0,Low,0.0
Zeke Uwland,Gold Coast,2.0,1.896,2,0,3,0,1,0,0,Low,0.0
Gryan Miers,Geelong,2.0,1.726,2,0,7,0,0,2,0,Low,1.0
Stephen Coniglio,Greater Western Sydney,2.0,1.726,2,0,7,0,0,2,0,Low,1.0
Bailey Dale,Western Bulldogs,2.0,1.626,2,0,7,0,0,1,2,Low,1.0
Jai Serong,Sydney,2.0,1.626,2,0,7,0,0,1,2,Low,1.0
Rory Laird,Adelaide,2.0,1.626,2,0,7,0,0,1,2,Low,1.0
Bayley Fritsch,Melbourne,1.5,1.245,1,0,6,0,0,1,1,Low,1.0
Brent Daniels,Greater Western Sydney,1.5,1.245,1,0,6,0,0,1,1,Low,1.0
Daniel McStay,Collingwood,1.5,1.245,1,0,6,0,0,1,1,Low,1.0
Harvey Thomas,Greater Western Sydney,1.5,1.245,1,0,6,0,0,1,1,Low,1.0
Hayden Young,Fremantle,1.5,1.245,1,0,6,0,0,1,1,Low,1.0
Nick Larkey,North Melbourne,1.5,1.245,1,0,6,0,0,1,1,Low,1.0
Oisin Mullin,Geelong,1.5,1.245,1,0,6,0,0,1,1,Low,1.0
Tim Membrey,Collingwood,1.5,1.245,1,0,6,0,0,1,1,Low,1.0
Tom Liberatore,Western Bulldogs,1.5,1.245,1,0,6,0,0,1,1,Low,1.0
Jayden Short,Richmond,1.5,1.145,1,0,6,0,0,0,3,Low,1.0
Alex Neal-Bullen,Adelaide,1.0,0.863,1,0,6,0,0,1,0,Low,1.0
Ben Long,Gold Coast,1.0,0.863,1,0,6,0,0,1,0,Low,1.0
Blake Acres,Carlton,1.0,0.863,1,0,6,0,0,1,0,Low,1.0
Brodie Kemp,Carlton,1.0,0.863,1,0,6,0,0,1,0,Low,1.0
Caleb Windsor,Melbourne,1.0,0.863,1,0,6,0,0,1,0,Low,1.0
Connor O'Sullivan,Geelong,1.0,0.863,1,0,6,0,0,1,0,Low,1.0
Daniel Curtin,Adelaide,1.0,0.863,1,0,6,0,0,1,0,Low,1.0
Daniel Turner,Melbourne,1.0,0.863,1,0,6,0,0,1,0,Low,1.0
Esava Ratugolea,Port Adelaide,1.0,0.863,1,0,6,0,0,1,0,Low,1.0
George Wardlaw,North Melbourne,1.0,0.863,1,0,6,0,0,1,0,Low,1.0
Harris Andrews,Brisbane,1.0,0.863,1,0,6,0,0,1,0,Low,1.0
Harry Morrison,Hawthorn,1.0,0.863,1,0,6,0,0,1,0,Low,1.0
Harry Perryman,Collingwood,1.0,0.863,1,0,6,0,0,1,0,Low,1.0
Jack Higgins,St Kilda,1.0,0.863,1,0,6,0,0,1,0,Low,1.0
Jarrod Witts,Gold Coast,1.0,0.863,1,0,6,0,0,1,0,Low,1.0
Josh Lai,Port Adelaide,1.0,0.863,1,0,6,0,0,1,0,Low,1.0
Lachlan McAndrew,Adelaide,1.0,0.863,1,0,6,0,0,1,0,Low,1.0
Mark Blicavs,Geelong,1.0,0.863,1,0,6,0,0,1,0,Low,1.0
Matthew Carroll,Carlton,1.0,0.863,1,0,6,0,0,1,0,Low,1.0
Matthew Johnson,Fremantle,1.0,0.863,1,0,6,0,0,1,0,Low,1.0
Nick Bryan,Essendon,1.0,0.863,1,0,6,0,0,1,0,Low,1.0
Oliver Henry,Geelong,1.0,0.863,1,0,6,0,0,1,0,Low,1.0
Ollie Wines,Port Adelaide,1.0,0.863,1,0,6,0,0,1,0,Low,1.0
Patrick Retschko,Richmond,1.0,0.863,1,0,6,0,0,1,0,Low,1.0
Phoenix Gothard,Greater Western Sydney,1.0,0.863,1,0,6,0,0,1,0,Low,1.0
Sam Flanders,St Kilda,1.0,0.863,1,0,6,0,0,1,0,Low,1.0
Tanner Bruhn,Geelong,1.0,0.863,1,0,6,0,0,1,0,Low,1.0
Tim English,Western Bulldogs,1.0,0.863,1,0,6,0,0,1,0,Low,1.0
Tom Stewart,Geelong,1.0,0.863,1,0,6,0,0,1,0,Low,1.0
Willem Duursma,West Coast,1.0,0.863,1,0,6,0,0,1,0,Low,1.0
Darcy Byrne-Jones,Port Adelaide,1.0,0.763,1,0,6,0,0,0,2,Low,1.0
Jack Crisp,Collingwood,1.0,0.763,1,0,6,0,0,0,2,Low,1.0
James Worpel,Geelong,1.0,0.763,1,0,6,0,0,0,2,Low,1.0
Jordon Sweet,Port Adelaide,1.0,0.763,1,0,6,0,0,0,2,Low,1.0
Will Setterfield,Essendon,1.0,0.763,1,0,6,0,0,0,2,Low,1.0
Bailey Humphrey,Gold Coast,0.5,0.382,0,0,5,0,0,0,1,Low,1.0
Ben Keays,Adelaide,0.5,0.382,0,0,5,0,0,0,1,Low,1.0
Charlie Cameron,Brisbane,0.5,0.382,0,0,5,0,0,0,1,Low,1.0
Connor Idun,Greater Western Sydney,0.5,0.382,0,0,5,0,0,0,1,Low,1.0
Eric Hipwood,Brisbane,0.5,0.382,0,0,5,0,0,0,1,Low,1.0
Jake Waterman,West Coast,0.5,0.382,0,0,5,0,0,0,1,Low,1.0
James Rowbottom,Sydney,0.5,0.382,0,0,5,0,0,0,1,Low,1.0
Jesse Dattoli,Sydney,0.5,0.382,0,0,5,0,0,0,1,Low,1.0
Joel Amartey,Sydney,0.5,0.382,0,0,5,0,0,0,1,Low,1.0
Joel Fitzgerald,Melbourne,0.5,0.382,0,0,5,0,0,0,1,Low,1.0
Joel Jeffrey,Gold Coast,0.5,0.382,0,0,5,0,0,0,1,Low,1.0
Josh Worrell,Adelaide,0.5,0.382,0,0,5,0,0,0,1,Low,1.0
Kane McAuliffe,Richmond,0.5,0.382,0,0,5,0,0,0,1,Low,1.0
Lachlan Bramble,Western Bulldogs,0.5,0.382,0,0,5,0,0,0,1,Low,1.0
Mac Andrew,Gold Coast,0.5,0.382,0,0,5,0,0,0,1,Low,1.0
Marcus Herbert,West Coast,0.5,0.382,0,0,5,0,0,0,1,Low,1.0
Marcus Windhager,St Kilda,0.5,0.382,0,0,5,0,0,0,1,Low,1.0
Milan Murdock,West Coast,0.5,0.382,0,0,5,0,0,0,1,Low,1.0
Ned Moyle,Gold Coast,0.5,0.382,0,0,5,0,0,0,1,Low,1.0
Neil Erasmus,Fremantle,0.5,0.382,0,0,5,0,0,0,1,Low,1.0
Peter Ladhams,Sydney,0.5,0.382,0,0,5,0,0,0,1,Low,1.0
Peter Wright,Essendon,0.5,0.382,0,0,5,0,0,0,1,Low,1.0
Sam Darcy,Western Bulldogs,0.5,0.382,0,0,5,0,0,0,1,Low,1.0
Sam De Koning,Geelong,0.5,0.382,0,0,5,0,0,0,1,Low,1.0
Sam Taylor,Greater Western Sydney,0.5,0.382,0,0,5,0,0,0,1,Low,1.0
Tom Atkins,Geelong,0.5,0.382,0,0,5,0,0,0,1,Low,1.0
Zach Reid,Essendon,0.5,0.382,0,0,5,0,0,0,1,Low,1.0
Aaron Cadman,Greater Western Sydney,0.0,0,0,0,2,0,0,0,0,Low,0
Adam Cerra,Carlton,0.0,0,0,0,2,0,0,0,0,Low,0
Adam Saad,Carlton,0.0,0,0,0,2,0,0,0,0,Low,0
Adam Sweid,Fremantle,0.0,0,0,0,2,0,0,0,0,Low,0
Adam Treloar,Western Bulldogs,0.0,0,0,0,2,0,0,0,0,Low,0
Aidan Corr,North Melbourne,0.0,0,0,0,2,0,0,0,0,Low,0
Aidan Johnson,Melbourne,0.0,0,0,0,2,0,0,0,0,Low,0
Aidan Schubert,Hawthorn,0.0,0,0,0,2,0,0,0,0,Low,0
Aiden Riddle,Fremantle,0.0,0,0,0,2,0,0,0,0,Low,0
Alex Davies,Gold Coast,0.0,0,0,0,2,0,0,0,0,Low,0
Alex Dodson,St Kilda,0.0,0,0,0,2,0,0,0,0,Low,0
Alex Pearce,Fremantle,0.0,0,0,0,2,0,0,0,0,Low,0
Alix Tauru,St Kilda,0.0,0,0,0,2,0,0,0,0,Low,0
Andrew McGrath,Essendon,0.0,0,0,0,2,0,0,0,0,Low,0
Andy Moniz-Wakefield,Melbourne,0.0,0,0,0,2,0,0,0,0,Low,0
Angus Anderson,Collingwood,0.0,0,0,0,2,0,0,0,0,Low,0
Angus Clarke,Essendon,0.0,0,0,0,2,0,0,0,0,Low,0
Angus Hastie,St Kilda,0.0,0,0,0,2,0,0,0,0,Low,0
Angus Sheldrick,Sydney,0.0,0,0,0,2,0,0,0,0,Low,0
Anthony Caminiti,St Kilda,0.0,0,0,0,2,0,0,0,0,Low,0
Archer Day-Wicks,Essendon,0.0,0,0,0,2,0,0,0,0,Low,0
Archer May,Essendon,0.0,0,0,0,2,0,0,0,0,Low,0
Archer Reid,West Coast,0.0,0,0,0,2,0,0,0,0,Low,0
Archie Ludowyke,Adelaide,0.0,0,0,0,2,0,0,0,0,Low,0
Archie Perkins,Essendon,0.0,0,0,0,2,0,0,0,0,Low,0
Arthur Jones,Western Bulldogs,0.0,0,0,0,2,0,0,0,0,Low,0
Asher Eastham,Gold Coast,0.0,0,0,0,2,0,0,0,0,Low,0
Ashton Moir,Carlton,0.0,0,0,0,2,0,0,0,0,Low,0
Avery Thomas,Gold Coast,0.0,0,0,0,2,0,0,0,0,Low,0
Bailey Banfield,Fremantle,0.0,0,0,0,2,0,0,0,0,Low,0
Bailey Laurie,Melbourne,0.0,0,0,0,2,0,0,0,0,Low,0
Bailey Macdonald,Hawthorn,0.0,0,0,0,2,0,0,0,0,Low,0
Bailey Scott,North Melbourne,0.0,0,0,0,2,0,0,0,0,Low,0
Balyn O'Brien,Port Adelaide,0.0,0,0,0,2,0,0,0,0,Low,0
Beau Addinsall,Gold Coast,0.0,0,0,0,2,0,0,0,0,Low,0
Ben Camporeale,Carlton,0.0,0,0,0,2,0,0,0,0,Low,0
Ben Jepson,Gold Coast,0.0,0,0,0,2,0,0,0,0,Low,0
Ben McKay,Essendon,0.0,0,0,0,2,0,0,0,0,Low,0
Ben Miller,Richmond,0.0,0,0,0,2,0,0,0,0,Low,0
Ben Murphy,Brisbane,0.0,0,0,0,2,0,0,0,0,Low,0
Benny Barrett,Port Adelaide,0.0,0,0,0,2,0,0,0,0,Low,0
Billy Cootee,Sydney,0.0,0,0,0,2,0,0,0,0,Low,0
Billy Dowling,Adelaide,0.0,0,0,0,2,0,0,0,0,Low,0
Billy Frampton,Collingwood,0.0,0,0,0,2,0,0,0,0,Low,0
Billy Wilson,Carlton,0.0,0,0,0,2,0,0,0,0,Low,0
Blake Howes,Melbourne,0.0,0,0,0,2,0,0,0,0,Low,0
Blake Thredgold,North Melbourne,0.0,0,0,0,2,0,0,0,0,Low,0
Bo Allan,West Coast,0.0,0,0,0,2,0,0,0,0,Low,0
Bobby Hill,Collingwood,0.0,0,0,0,2,0,0,0,0,Low,0
Bodie Ryan,Hawthorn,0.0,0,0,0,2,0,0,0,0,Low,0
Brad Close,Geelong,0.0,0,0,0,2,0,0,0,0,Low,0
Brady Hough,West Coast,0.0,0,0,0,2,0,0,0,0,Low,0
Braeden Campbell,Sydney,0.0,0,0,0,2,0,0,0,0,Low,0
Brandon Starcevich,West Coast,0.0,0,0,0,2,0,0,0,0,Low,0
Brandon Walker,Fremantle,0.0,0,0,0,2,0,0,0,0,Low,0
Brandon Zerk-Thatcher,Port Adelaide,0.0,0,0,0,2,0,0,0,0,Low,0
Brayden Cook,Adelaide,0.0,0,0,0,2,0,0,0,0,Low,0
Brayden Fiorini,Essendon,0.0,0,0,0,2,0,0,0,0,Low,0
Brayden George,North Melbourne,0.0,0,0,0,2,0,0,0,0,Low,0
Brayden Maynard,Collingwood,0.0,0,0,0,2,0,0,0,0,Low,0
Brennan Cox,Fremantle,0.0,0,0,0,2,0,0,0,0,Low,0
Brody Mihocek,Melbourne,0.0,0,0,0,2,0,0,0,0,Low,0
Bruce Reville,Brisbane,0.0,0,0,0,2,0,0,0,0,Low,0
Buku Khamis,Western Bulldogs,0.0,0,0,0,2,0,0,0,0,Low,0
Caiden Cleary,Sydney,0.0,0,0,0,2,0,0,0,0,Low,0
Caleb Graham,Gold Coast,0.0,0,0,0,2,0,0,0,0,Low,0
Caleb Lewis,Gold Coast,0.0,0,0,0,2,0,0,0,0,Low,0
Callum Ah Chee,Adelaide,0.0,0,0,0,2,0,0,0,0,Low,0
Callum Brown,Greater Western Sydney,0.0,0,0,0,2,0,0,0,0,Low,0
Callum Coleman-Jones,North Melbourne,0.0,0,0,0,2,0,0,0,0,Low,0
Callum Mills,Sydney,0.0,0,0,0,2,0,0,0,0,Low,0
Calsher Dear,Hawthorn,0.0,0,0,0,2,0,0,0,0,Low,0
Cam Rayner,Brisbane,0.0,0,0,0,2,0,0,0,0,Low,0
Cameron Nairn,Hawthorn,0.0,0,0,0,2,0,0,0,0,Low,0
Cameron Zurhaar,North Melbourne,0.0,0,0,0,2,0,0,0,0,Low,0
Campbell Chesser,Carlton,0.0,0,0,0,2,0,0,0,0,Low,0
Campbell Gray,Richmond,0.0,0,0,0,2,0,0,0,0,Low,0
Changkuoth Jiath,Melbourne,0.0,0,0,0,2,0,0,0,0,Low,0
Charlie Ballard,Gold Coast,0.0,0,0,0,2,0,0,0,0,Low,0
Charlie Banfield,St Kilda,0.0,0,0,0,2,0,0,0,0,Low,0
Charlie Comben,North Melbourne,0.0,0,0,0,2,0,0,0,0,Low,0
Charlie Edwards,Adelaide,0.0,0,0,0,2,0,0,0,0,Low,0
Charlie Nicholls,Fremantle,0.0,0,0,0,2,0,0,0,0,Low,0
Charlie Spargo,North Melbourne,0.0,0,0,0,2,0,0,0,0,Low,0
Charlie West,Collingwood,0.0,0,0,0,2,0,0,0,0,Low,0
Chayce Jones,Adelaide,0.0,0,0,0,2,0,0,0,0,Low,0
Christian Moraes,Port Adelaide,0.0,0,0,0,2,0,0,0,0,Low,0
Christian Salem,Melbourne,0.0,0,0,0,2,0,0,0,0,Low,0
Christopher Scerri,Fremantle,0.0,0,0,0,2,0,0,0,0,Low,0
Cillian Bourke,Essendon,0.0,0,0,0,2,0,0,0,0,Low,0
Cillian Burke,Geelong,0.0,0,0,0,2,0,0,0,0,Low,0
Clay Hall,West Coast,0.0,0,0,0,2,0,0,0,0,Low,0
Cody Anderson,Hawthorn,0.0,0,0,0,2,0,0,0,0,Low,0
Cody Angove,Greater Western Sydney,0.0,0,0,0,2,0,0,0,0,Low,0
Cody Curtin,Brisbane,0.0,0,0,0,2,0,0,0,0,Low,0
Cody Weightman,Western Bulldogs,0.0,0,0,0,2,0,0,0,0,Low,0
Connor Budarick,Western Bulldogs,0.0,0,0,0,2,0,0,0,0,Low,0
Connor Rozee,Port Adelaide,0.0,0,0,0,2,0,0,0,0,Low,0
Conor McKenna,Brisbane,0.0,0,0,0,2,0,0,0,0,Low,0
Conor Nash,Hawthorn,0.0,0,0,0,2,0,0,0,0,Low,0
Conor Stone,Greater Western Sydney,0.0,0,0,0,2,0,0,0,0,Low,0
Cooper Bell,Gold Coast,0.0,0,0,0,2,0,0,0,0,Low,0
Cooper Duff-Tytler,West Coast,0.0,0,0,0,2,0,0,0,0,Low,0
Cooper Harvey,North Melbourne,0.0,0,0,0,2,0,0,0,0,Low,0
Cooper Hynes,Western Bulldogs,0.0,0,0,0,2,0,0,0,0,Low,0
Cooper Lord,Carlton,0.0,0,0,0,2,0,0,0,0,Low,0
Cooper Sharman,St Kilda,0.0,0,0,0,2,0,0,0,0,Low,0
Cooper Simpson,Fremantle,0.0,0,0,0,2,0,0,0,0,Low,0
Corey Durdin,Port Adelaide,0.0,0,0,0,2,0,0,0,0,Low,0
Corey Wagner,Fremantle,0.0,0,0,0,2,0,0,0,0,Low,0
Corey Warner,Sydney,0.0,0,0,0,2,0,0,0,0,Low,0
Dan Butler,St Kilda,0.0,0,0,0,2,0,0,0,0,Low,0
Dane Rampe,Sydney,0.0,0,0,0,2,0,0,0,0,Low,0
Daniel Annable,Brisbane,0.0,0,0,0,2,0,0,0,0,Low,0
Dante Visentini,Port Adelaide,0.0,0,0,0,2,0,0,0,0,Low,0
Darcy Fort,Brisbane,0.0,0,0,0,2,0,0,0,0,Low,0
Darcy Gardiner,Brisbane,0.0,0,0,0,2,0,0,0,0,Low,0
Darcy Jones,Greater Western Sydney,0.0,0,0,0,2,0,0,0,0,Low,0
Darcy Moore,Collingwood,0.0,0,0,0,2,0,0,0,0,Low,0
Darcy Wilson,St Kilda,0.0,0,0,0,2,0,0,0,0,Low,0
Darragh Joyce,Brisbane,0.0,0,0,0,2,0,0,0,0,Low,0
Dayne Zorko,Brisbane,0.0,0,0,0,2,0,0,0,0,Low,0
Deven Robertson,West Coast,0.0,0,0,0,2,0,0,0,0,Low,0
Dion Prestia,Richmond,0.0,0,0,0,2,0,0,0,0,Low,0
Dougal Howard,St Kilda,0.0,0,0,0,2,0,0,0,0,Low,0
Dylan Patterson,Gold Coast,0.0,0,0,0,2,0,0,0,0,Low,0
Eamonn Armstrong,St Kilda,0.0,0,0,0,2,0,0,0,0,Low,0
Edward Allan,Collingwood,0.0,0,0,0,2,0,0,0,0,Low,0
Elijah Hewett,West Coast,0.0,0,0,0,2,0,0,0,0,Low,0
Elijah Hollands,Carlton,0.0,0,0,0,2,0,0,0,0,Low,0
Elijah Tsatas,Essendon,0.0,0,0,0,2,0,0,0,0,Low,0
Elliott Himmelberg,Gold Coast,0.0,0,0,0,2,0,0,0,0,Low,0
Ethan Read,Gold Coast,0.0,0,0,0,2,0,0,0,0,Low,0
Ewan Mackinlay,Port Adelaide,0.0,0,0,0,2,0,0,0,0,Low,0
Finlay Macrae,West Coast,0.0,0,0,0,2,0,0,0,0,Low,0
Finn Maginness,Hawthorn,0.0,0,0,0,2,0,0,0,0,Low,0
Finn O'Sullivan,North Melbourne,0.0,0,0,0,2,0,0,0,0,Low,0
Finnbar Maley,Adelaide,0.0,0,0,0,2,0,0,0,0,Low,0
Finnegan Davis,Greater Western Sydney,0.0,0,0,0,2,0,0,0,0,Low,0
Flynn Perez,Hawthorn,0.0,0,0,0,2,0,0,0,0,Low,0
Flynn Young,Carlton,0.0,0,0,0,2,0,0,0,0,Low,0
Fred Rodriguez,West Coast,0.0,0,0,0,2,0,0,0,0,Low,0
George Stevens,Geelong,0.0,0,0,0,2,0,0,0,0,Low,0
Griffin Logue,North Melbourne,0.0,0,0,0,2,0,0,0,0,Low,0
Hamish Davis,West Coast,0.0,0,0,0,2,0,0,0,0,Low,0
Harley Barker,Geelong,0.0,0,0,0,2,0,0,0,0,Low,0
Harrison Jones,Essendon,0.0,0,0,0,2,0,0,0,0,Low,0
Harrison Oliver,Greater Western Sydney,0.0,0,0,0,2,0,0,0,0,Low,0
Harrison Petty,Melbourne,0.0,0,0,0,2,0,0,0,0,Low,0
Harrison Ramm,Port Adelaide,0.0,0,0,0,2,0,0,0,0,Low,0
Harry Armstrong,Richmond,0.0,0,0,0,2,0,0,0,0,Low,0
Harry Barnett,West Coast,0.0,0,0,0,2,0,0,0,0,Low,0
Harry Charleson,Carlton,0.0,0,0,0,2,0,0,0,0,Low,0
Harry Cunningham,Sydney,0.0,0,0,0,2,0,0,0,0,Low,0
Harry DeMattia,Collingwood,0.0,0,0,0,2,0,0,0,0,Low,0
Harry Dean,Carlton,0.0,0,0,0,2,0,0,0,0,Low,0
Harry Edwards,West Coast,0.0,0,0,0,2,0,0,0,0,Low,0
Harry Himmelberg,Greater Western Sydney,0.0,0,0,0,2,0,0,0,0,Low,0
Harry Kyle,Sydney,0.0,0,0,0,2,0,0,0,0,Low,0
Harry O'Farrell,Carlton,0.0,0,0,0,2,0,0,0,0,Low,0
Harry Rowston,Greater Western Sydney,0.0,0,0,0,2,0,0,0,0,Low,0
Harry Schoenberg,West Coast,0.0,0,0,0,2,0,0,0,0,Low,0
Harry Sharp,Melbourne,0.0,0,0,0,2,0,0,0,0,Low,0
Harvey Gallagher,Western Bulldogs,0.0,0,0,0,2,0,0,0,0,Low,0
Harvey Harrison,Collingwood,0.0,0,0,0,2,0,0,0,0,Low,0
Harvey Johnston,West Coast,0.0,0,0,0,2,0,0,0,0,Low,0
Hayden McLean,Sydney,0.0,0,0,0,2,0,0,0,0,Low,0
Heath Chapman,Fremantle,0.0,0,0,0,2,0,0,0,0,Low,0
Henry Hustwaite,Hawthorn,0.0,0,0,0,2,0,0,0,0,Low,0
Henry Smith,Brisbane,0.0,0,0,0,2,0,0,0,0,Low,0
Hudson O'Keeffe,Carlton,0.0,0,0,0,2,0,0,0,0,Low,0
Hugh Bond,Adelaide,0.0,0,0,0,2,0,0,0,0,Low,0
Hugh Boxshall,St Kilda,0.0,0,0,0,2,0,0,0,0,Low,0
Hugh Davies,Fremantle,0.0,0,0,0,2,0,0,0,0,Low,0
Hugo Mikunda,North Melbourne,0.0,0,0,0,2,0,0,0,0,Low,0
Hugo Ralphsmith,Richmond,0.0,0,0,0,2,0,0,0,0,Low,0
Hunter Clark,St Kilda,0.0,0,0,0,2,0,0,0,0,Low,0
Hunter Holmes,Geelong,0.0,0,0,0,2,0,0,0,0,Low,0
Hussien El Achkar,Essendon,0.0,0,0,0,2,0,0,0,0,Low,0
Iliro Smit,Collingwood,0.0,0,0,0,2,0,0,0,0,Low,0
Indy Cotton,Adelaide,0.0,0,0,0,2,0,0,0,0,Low,0
Isaac Cumming,Adelaide,0.0,0,0,0,2,0,0,0,0,Low,0
Isaac Kako,Essendon,0.0,0,0,0,2,0,0,0,0,Low,0
Isaac Keeler,St Kilda,0.0,0,0,0,2,0,0,0,0,Low,0
Isaac Quaynor,Collingwood,0.0,0,0,0,2,0,0,0,0,Low,0
Isaiah Dudley,Fremantle,0.0,0,0,0,2,0,0,0,0,Low,0
Ivan Soldo,Port Adelaide,0.0,0,0,0,2,0,0,0,0,Low,0
Jack Bowes,Geelong,0.0,0,0,0,2,0,0,0,0,Low,0
Jack Buckley,Greater Western Sydney,0.0,0,0,0,2,0,0,0,0,Low,0
Jack Buller,Collingwood,0.0,0,0,0,2,0,0,0,0,Low,0
Jack Carroll,St Kilda,0.0,0,0,0,2,0,0,0,0,Low,0
Jack Dalton,Hawthorn,0.0,0,0,0,2,0,0,0,0,Low,0
Jack Graham,West Coast,0.0,0,0,0,2,0,0,0,0,Low,0
Jack Henderson,Melbourne,0.0,0,0,0,2,0,0,0,0,Low,0
Jack Henry,Geelong,0.0,0,0,0,2,0,0,0,0,Low,0
Jack Hutchinson,West Coast,0.0,0,0,0,2,0,0,0,0,Low,0
Jack Ison,Carlton,0.0,0,0,0,2,0,0,0,0,Low,0
Jack Lukosius,Port Adelaide,0.0,0,0,0,2,0,0,0,0,Low,0
Jack Macrae,St Kilda,0.0,0,0,0,2,0,0,0,0,Low,0
Jack Martin,Geelong,0.0,0,0,0,2,0,0,0,0,Low,0
Jack Ough,Greater Western Sydney,0.0,0,0,0,2,0,0,0,0,Low,0
Jack Payne,Brisbane,0.0,0,0,0,2,0,0,0,0,Low,0
Jack Scrimshaw,Hawthorn,0.0,0,0,0,2,0,0,0,0,Low,0
Jack Silvagni,St Kilda,0.0,0,0,0,2,0,0,0,0,Low,0
Jack Viney,Melbourne,0.0,0,0,0,2,0,0,0,0,Low,0
Jack Watkins,Port Adelaide,0.0,0,0,0,2,0,0,0,0,Low,0
Jack Whitlock,Port Adelaide,0.0,0,0,0,2,0,0,0,0,Low,0
Jack Williams,West Coast,0.0,0,0,0,2,0,0,0,0,Low,0
Jackson Archer,North Melbourne,0.0,0,0,0,2,0,0,0,0,Low,0
Jackson Mead,Port Adelaide,0.0,0,0,0,2,0,0,0,0,Low,0
Jacob Farrow,Essendon,0.0,0,0,0,2,0,0,0,0,Low,0
Jacob Hopper,Richmond,0.0,0,0,0,2,0,0,0,0,Low,0
Jacob Konstanty,North Melbourne,0.0,0,0,0,2,0,0,0,0,Low,0
Jacob Molier,Geelong,0.0,0,0,0,2,0,0,0,0,Low,0
Jacob Moss,Port Adelaide,0.0,0,0,0,2,0,0,0,0,Low,0
Jacob Newton,West Coast,0.0,0,0,0,2,0,0,0,0,Low,0
Jacob Wehr,Port Adelaide,0.0,0,0,0,2,0,0,0,0,Low,0
Jacob Weitering,Carlton,0.0,0,0,0,2,0,0,0,0,Low,0
Jade Gresham,Essendon,0.0,0,0,0,2,0,0,0,0,Low,0
Jaeger O'Meara,Fremantle,0.0,0,0,0,2,0,0,0,0,Low,0
Jai Culley,Melbourne,0.0,0,0,0,2,0,0,0,0,Low,0
Jai Murray,Gold Coast,0.0,0,0,0,2,0,0,0,0,Low,0
Jai Saxena,Collingwood,0.0,0,0,0,2,0,0,0,0,Low,0
Jaime Uhr-Henry,Hawthorn,0.0,0,0,0,2,0,0,0,0,Low,0
Jake Kolodjashnij,Geelong,0.0,0,0,0,2,0,0,0,0,Low,0
Jake Lever,Melbourne,0.0,0,0,0,2,0,0,0,0,Low,0
Jake Lloyd,Sydney,0.0,0,0,0,2,0,0,0,0,Low,0
Jake Melksham,Melbourne,0.0,0,0,0,2,0,0,0,0,Low,0
Jake Riccardi,Greater Western Sydney,0.0,0,0,0,2,0,0,0,0,Low,0
Jake Rogers,Gold Coast,0.0,0,0,0,2,0,0,0,0,Low,0
Jake Soligo,Adelaide,0.0,0,0,0,2,0,0,0,0,Low,0
Jakob Ryan,Collingwood,0.0,0,0,0,2,0,0,0,0,Low,0
Jamarra Ugle-Hagan,Gold Coast,0.0,0,0,0,2,0,0,0,0,Low,0
James Barrat,St Kilda,0.0,0,0,0,2,0,0,0,0,Low,0
James Blanck,Hawthorn,0.0,0,0,0,2,0,0,0,0,Low,0
James Borlase,Adelaide,0.0,0,0,0,2,0,0,0,0,Low,0
James Harmes,Western Bulldogs,0.0,0,0,0,2,0,0,0,0,Low,0
James Jordon,Sydney,0.0,0,0,0,2,0,0,0,0,Low,0
James Leake,Greater Western Sydney,0.0,0,0,0,2,0,0,0,0,Low,0
James O'Donnell,Western Bulldogs,0.0,0,0,0,2,0,0,0,0,Low,0
James Trezise,Richmond,0.0,0,0,0,2,0,0,0,0,Low,0
James Tunstill,Brisbane,0.0,0,0,0,2,0,0,0,0,Low,0
Jamie Cripps,West Coast,0.0,0,0,0,2,0,0,0,0,Low,0
Jamie Elliott,Collingwood,0.0,0,0,0,2,0,0,0,0,Low,0
Jaren Carr,Fremantle,0.0,0,0,0,2,0,0,0,0,Low,0
Jaspa Fletcher,Brisbane,0.0,0,0,0,2,0,0,0,0,Low,0
Jasper Alger,Richmond,0.0,0,0,0,2,0,0,0,0,Low,0
Jaxon Prior,Essendon,0.0,0,0,0,2,0,0,0,0,Low,0
Jay Polkinghorne,Geelong,0.0,0,0,0,2,0,0,0,0,Low,0
Jayden Laverde,Greater Western Sydney,0.0,0,0,0,2,0,0,0,0,Low,0
Jayden Nguyen,Essendon,0.0,0,0,0,2,0,0,0,0,Low,0
Jed Adams,Melbourne,0.0,0,0,0,2,0,0,0,0,Low,0
Jed Bews,Geelong,0.0,0,0,0,2,0,0,0,0,Low,0
Jed Walter,Gold Coast,0.0,0,0,0,2,0,0,0,0,Low,0
Jedd Busslinger,Western Bulldogs,0.0,0,0,0,2,0,0,0,0,Low,0
Jeremy Howe,Collingwood,0.0,0,0,0,2,0,0,0,0,Low,0
Jeremy Sharp,Fremantle,0.0,0,0,0,2,0,0,0,0,Low,0
Jesse Hogan,Greater Western Sydney,0.0,0,0,0,2,0,0,0,0,Low,0
Jesse Mellor,Geelong,0.0,0,0,0,2,0,0,0,0,Low,0
Jesse Motlop,Carlton,0.0,0,0,0,2,0,0,0,0,Low,0
Jevan Phillipou,Sydney,0.0,0,0,0,2,0,0,0,0,Low,0
Jhye Clark,Geelong,0.0,0,0,0,2,0,0,0,0,Low,0
Jobe Shanahan,West Coast,0.0,0,0,0,2,0,0,0,0,Low,0
Joe Berry,Port Adelaide,0.0,0,0,0,2,0,0,0,0,Low,0
Joe Fonti,Greater Western Sydney,0.0,0,0,0,2,0,0,0,0,Low,0
Joe Pike,Geelong,0.0,0,0,0,2,0,0,0,0,Low,0
Joel Cochran,Collingwood,0.0,0,0,0,2,0,0,0,0,Low,0
Joel Hamling,Sydney,0.0,0,0,0,2,0,0,0,0,Low,0
Jonty Faull,Richmond,0.0,0,0,0,2,0,0,0,0,Low,0
Jordan Boyd,Carlton,0.0,0,0,0,2,0,0,0,0,Low,0
Jordan Croft,Western Bulldogs,0.0,0,0,0,2,0,0,0,0,Low,0
Jordan Ridley,Essendon,0.0,0,0,0,2,0,0,0,0,Low,0
Jordon Butts,Adelaide,0.0,0,0,0,2,0,0,0,0,Low,0
Josaia Delana,Greater Western Sydney,0.0,0,0,0,2,0,0,0,0,Low,0
Josh Battle,Hawthorn,0.0,0,0,0,2,0,0,0,0,Low,0
Josh Dolan,Western Bulldogs,0.0,0,0,0,2,0,0,0,0,Low,0
Josh Gibcus,Richmond,0.0,0,0,0,2,0,0,0,0,Low,0
Josh Goater,North Melbourne,0.0,0,0,0,2,0,0,0,0,Low,0
Josh Kelly,Greater Western Sydney,0.0,0,0,0,2,0,0,0,0,Low,0
Josh Lindsay,West Coast,0.0,0,0,0,2,0,0,0,0,Low,0
Josh Sinn,Port Adelaide,0.0,0,0,0,2,0,0,0,0,Low,0
Josh Smillie,Richmond,0.0,0,0,0,2,0,0,0,0,Low,0
Josh Weddle,Hawthorn,0.0,0,0,0,2,0,0,0,0,Low,0
Joshua Draper,Fremantle,0.0,0,0,0,2,0,0,0,0,Low,0
Judd McVee,Fremantle,0.0,0,0,0,2,0,0,0,0,Low,0
Judson Clarke,Richmond,0.0,0,0,0,2,0,0,0,0,Low,0
Jy Farrar,Gold Coast,0.0,0,0,0,2,0,0,0,0,Low,0
Jye Caldwell,Essendon,0.0,0,0,0,2,0,0,0,0,Low,0
Kalani White,Melbourne,0.0,0,0,0,2,0,0,0,0,Low,0
Kaleb Smith,Richmond,0.0,0,0,0,2,0,0,0,0,Low,0
Kane Farrell,Port Adelaide,0.0,0,0,0,2,0,0,0,0,Low,0
Karl Amon,Hawthorn,0.0,0,0,0,2,0,0,0,0,Low,0
Kayle Gerreyn,Essendon,0.0,0,0,0,2,0,0,0,0,Low,0
Keidean Coleman,Brisbane,0.0,0,0,0,2,0,0,0,0,Low,0
Keighton Matofai-Forbes,Geelong,0.0,0,0,0,2,0,0,0,0,Low,0
Kieren Briggs,Greater Western Sydney,0.0,0,0,0,2,0,0,0,0,Low,0
Kobe McDonald,St Kilda,0.0,0,0,0,2,0,0,0,0,Low,0
Koby Coulson,Gold Coast,0.0,0,0,0,2,0,0,0,0,Low,0
Koby Evans,Brisbane,0.0,0,0,0,2,0,0,0,0,Low,0
Koltyn Tholstrup,Melbourne,0.0,0,0,0,2,0,0,0,0,Low,0
Kye Fincher,St Kilda,0.0,0,0,0,2,0,0,0,0,Low,0
Kyle Langford,Essendon,0.0,0,0,0,2,0,0,0,0,Low,0
Lachie Fogarty,Carlton,0.0,0,0,0,2,0,0,0,0,Low,0
Lachie Jaques,Western Bulldogs,0.0,0,0,0,2,0,0,0,0,Low,0
Lachie Jones,Port Adelaide,0.0,0,0,0,2,0,0,0,0,Low,0
Lachie Schultz,Collingwood,0.0,0,0,0,2,0,0,0,0,Low,0
Lachie Weller,Gold Coast,0.0,0,0,0,2,0,0,0,0,Low,0
Lachlan Blakiston,Essendon,0.0,0,0,0,2,0,0,0,0,Low,0
Lachlan Carmichael,Western Bulldogs,0.0,0,0,0,2,0,0,0,0,Low,0
Lachlan Cowan,Carlton,0.0,0,0,0,2,0,0,0,0,Low,0
Lachlan Gulbin,Gold Coast,0.0,0,0,0,2,0,0,0,0,Low,0
Lachlan McNeil,Western Bulldogs,0.0,0,0,0,2,0,0,0,0,Low,0
Lachlan Sholl,Adelaide,0.0,0,0,0,2,0,0,0,0,Low,0
Lachlan Smith,Western Bulldogs,0.0,0,0,0,2,0,0,0,0,Low,0
Lachlan Sullivan,Collingwood,0.0,0,0,0,2,0,0,0,0,Low,0
Lachy Dovaston,North Melbourne,0.0,0,0,0,2,0,0,0,0,Low,0
Laitham Vandermeer,Western Bulldogs,0.0,0,0,0,2,0,0,0,0,Low,0
Lance Collard,St Kilda,0.0,0,0,0,2,0,0,0,0,Low,0
Latrelle Pickett,Melbourne,0.0,0,0,0,2,0,0,0,0,Low,0
Leek Aleer,Greater Western Sydney,0.0,0,0,0,2,0,0,0,0,Low,0
Lennox Hofmann,Geelong,0.0,0,0,0,2,0,0,0,0,Low,0
Leon Kickett,Fremantle,0.0,0,0,0,2,0,0,0,0,Low,0
Leonardo Lombard,Gold Coast,0.0,0,0,0,2,0,0,0,0,Low,0
Lewis Hayes,Essendon,0.0,0,0,0,2,0,0,0,0,Low,0
Lewis Melican,Sydney,0.0,0,0,0,2,0,0,0,0,Low,0
Lewis Young,Carlton,0.0,0,0,0,2,0,0,0,0,Low,0
Liam Baker,West Coast,0.0,0,0,0,2,0,0,0,0,Low,0
Liam Duggan,West Coast,0.0,0,0,0,2,0,0,0,0,Low,0
Liam Fawcett,Richmond,0.0,0,0,0,2,0,0,0,0,Low,0
Liam Henry,St Kilda,0.0,0,0,0,2,0,0,0,0,Low,0
Liam Hetherton,Sydney,0.0,0,0,0,2,0,0,0,0,Low,0
Liam McMahon,Essendon,0.0,0,0,0,2,0,0,0,0,Low,0
Liam O'Connell,St Kilda,0.0,0,0,0,2,0,0,0,0,Low,0
Liam Reidy,Carlton,0.0,0,0,0,2,0,0,0,0,Low,0
Liam Stocker,St Kilda,0.0,0,0,0,2,0,0,0,0,Low,0
Lincoln McCarthy,Brisbane,0.0,0,0,0,2,0,0,0,0,Low,0
Logan Evans,Port Adelaide,0.0,0,0,0,2,0,0,0,0,Low,0
Logan McDonald,Sydney,0.0,0,0,0,2,0,0,0,0,Low,0
Logan Smith,Greater Western Sydney,0.0,0,0,0,2,0,0,0,0,Low,0
Louis Emmett,Western Bulldogs,0.0,0,0,0,2,0,0,0,0,Low,0
Lucas Camporeale,Carlton,0.0,0,0,0,2,0,0,0,0,Low,0
Lucca Grego,West Coast,0.0,0,0,0,2,0,0,0,0,Low,0
Luke Beecken,Brisbane,0.0,0,0,0,2,0,0,0,0,Low,0
Luke Cleary,Western Bulldogs,0.0,0,0,0,2,0,0,0,0,Low,0
Luke Kennedy,Western Bulldogs,0.0,0,0,0,2,0,0,0,0,Low,0
Luke Lloyd,Brisbane,0.0,0,0,0,2,0,0,0,0,Low,0
Luke McDonald,North Melbourne,0.0,0,0,0,2,0,0,0,0,Low,0
Luke Nankervis,Adelaide,0.0,0,0,0,2,0,0,0,0,Low,0
Luke Pedlar,Adelaide,0.0,0,0,0,2,0,0,0,0,Low,0
Luke Trainor,Richmond,0.0,0,0,0,2,0,0,0,0,Low,0
Luke Urquhart,North Melbourne,0.0,0,0,0,2,0,0,0,0,Low,0
Luker Kentfield,Melbourne,0.0,0,0,0,2,0,0,0,0,Low,0
Mabior Chol,Hawthorn,0.0,0,0,0,2,0,0,0,0,Low,0
Malakai Champion,West Coast,0.0,0,0,0,2,0,0,0,0,Low,0
Mani Liddy,Port Adelaide,0.0,0,0,0,2,0,0,0,0,Low,0
Marc Pittonet,Carlton,0.0,0,0,0,2,0,0,0,0,Low,0
Mark O'Connor,Geelong,0.0,0,0,0,2,0,0,0,0,Low,0
Mason Cox,Fremantle,0.0,0,0,0,2,0,0,0,0,Low,0
Mason Redman,Essendon,0.0,0,0,0,2,0,0,0,0,Low,0
Mason Wood,St Kilda,0.0,0,0,0,2,0,0,0,0,Low,0
Massimo D'Ambrosio,Hawthorn,0.0,0,0,0,2,0,0,0,0,Low,0
Matt Duffy,Carlton,0.0,0,0,0,2,0,0,0,0,Low,0
Matt Flynn,West Coast,0.0,0,0,0,2,0,0,0,0,Low,0
Matt Guelfi,Essendon,0.0,0,0,0,2,0,0,0,0,Low,0
Matt Hill,Hawthorn,0.0,0,0,0,2,0,0,0,0,Low,0
Matt Roberts,Sydney,0.0,0,0,0,2,0,0,0,0,Low,0
Matt Whitlock,North Melbourne,0.0,0,0,0,2,0,0,0,0,Low,0
Mattaes Phillipou,St Kilda,0.0,0,0,0,2,0,0,0,0,Low,0
Matthew Cottrell,Carlton,0.0,0,0,0,2,0,0,0,0,Low,0
Matthew Jefferson,Melbourne,0.0,0,0,0,2,0,0,0,0,Low,0
Matthew LeRay,Hawthorn,0.0,0,0,0,2,0,0,0,0,Low,0
Matthew Owies,West Coast,0.0,0,0,0,2,0,0,0,0,Low,0
Maurice Rioli,Richmond,0.0,0,0,0,2,0,0,0,0,Low,0
Max Gruzewski,Greater Western Sydney,0.0,0,0,0,2,0,0,0,0,Low,0
Max Heath,Melbourne,0.0,0,0,0,2,0,0,0,0,Low,0
Max King,Sydney,0.0,0,0,0,2,0,0,0,0,Low,0
Max Knobel,Gold Coast,0.0,0,0,0,2,0,0,0,0,Low,0
Max Kondogiannis,Essendon,0.0,0,0,0,2,0,0,0,0,Low,0
Max Michalanney,Adelaide,0.0,0,0,0,2,0,0,0,0,Low,0
Max Ramsden,Hawthorn,0.0,0,0,0,2,0,0,0,0,Low,0
Michael Sellwood,Western Bulldogs,0.0,0,0,0,2,0,0,0,0,Low,0
Miles Bergman,Port Adelaide,0.0,0,0,0,2,0,0,0,0,Low,0
Mitch Knevitt,Geelong,0.0,0,0,0,2,0,0,0,0,Low,0
Mitch McGovern,Carlton,0.0,0,0,0,2,0,0,0,0,Low,0
Mitch Zadow,Port Adelaide,0.0,0,0,0,2,0,0,0,0,Low,0
Mitchell Edwards,Geelong,0.0,0,0,0,2,0,0,0,0,Low,0
Mitchell Hinge,Adelaide,0.0,0,0,0,2,0,0,0,0,Low,0
Mitchell Marsh,Adelaide,0.0,0,0,0,2,0,0,0,0,Low,0
Mykelti Lefau,Richmond,0.0,0,0,0,2,0,0,0,0,Low,0
Nathan Broad,Richmond,0.0,0,0,0,2,0,0,0,0,Low,0
Nathan O'Driscoll,Fremantle,0.0,0,0,0,2,0,0,0,0,Low,0
Nathan Wardius,Greater Western Sydney,0.0,0,0,0,2,0,0,0,0,Low,0
Ned Bowman,Sydney,0.0,0,0,0,2,0,0,0,0,Low,0
Ned Long,Collingwood,0.0,0,0,0,2,0,0,0,0,Low,0
Ned Reeves,Hawthorn,0.0,0,0,0,2,0,0,0,0,Low,0
Nic Martin,Essendon,0.0,0,0,0,2,0,0,0,0,Low,0
Nic Newman,Carlton,0.0,0,0,0,2,0,0,0,0,Low,0
Nicholas Driscoll,Geelong,0.0,0,0,0,2,0,0,0,0,Low,0
Nicholas Madden,Greater Western Sydney,0.0,0,0,0,2,0,0,0,0,Low,0
Nick Coffield,Western Bulldogs,0.0,0,0,0,2,0,0,0,0,Low,0
Nick Haynes,Carlton,0.0,0,0,0,2,0,0,0,0,Low,0
Nick Holman,Gold Coast,0.0,0,0,0,2,0,0,0,0,Low,0
Nick Murray,Adelaide,0.0,0,0,0,2,0,0,0,0,Low,0
Nick Vlastuin,Richmond,0.0,0,0,0,2,0,0,0,0,Low,0
Nik Cox,Essendon,0.0,0,0,0,2,0,0,0,0,Low,0
Noah Answerth,Brisbane,0.0,0,0,0,2,0,0,0,0,Low,0
Noah Chamberlain,Sydney,0.0,0,0,0,2,0,0,0,0,Low,0
Noah Howes,Collingwood,0.0,0,0,0,2,0,0,0,0,Low,0
Noah Long,West Coast,0.0,0,0,0,2,0,0,0,0,Low,0
Noah Mraz,Hawthorn,0.0,0,0,0,2,0,0,0,0,Low,0
Noah Roberts-Thomson,Richmond,0.0,0,0,0,2,0,0,0,0,Low,0
Oliver Greeves,Hawthorn,0.0,0,0,0,2,0,0,0,0,Low,0
Oliver Hannaford,Greater Western Sydney,0.0,0,0,0,2,0,0,0,0,Low,0
Oliver Hayes-Brown,Richmond,0.0,0,0,0,2,0,0,0,0,Low,0
Oliver Hollands,Carlton,0.0,0,0,0,2,0,0,0,0,Low,0
Oliver Wiltshire,Geelong,0.0,0,0,0,2,0,0,0,0,Low,0
Ollie Lord,Port Adelaide,0.0,0,0,0,2,0,0,0,0,Low,0
Ollie Murphy,Fremantle,0.0,0,0,0,2,0,0,0,0,Low,0
Oscar Adams,Gold Coast,0.0,0,0,0,2,0,0,0,0,Low,0
Oscar Allen,Brisbane,0.0,0,0,0,2,0,0,0,0,Low,0
Oscar Berry,Melbourne,0.0,0,0,0,2,0,0,0,0,Low,0
Oscar McDonald,Fremantle,0.0,0,0,0,2,0,0,0,0,Low,0
Oscar Ryan,Adelaide,0.0,0,0,0,2,0,0,0,0,Low,0
Oscar Steene,Collingwood,0.0,0,0,0,2,0,0,0,0,Low,0
Oskar Baker,Western Bulldogs,0.0,0,0,0,2,0,0,0,0,Low,0
Oskar Taylor,Greater Western Sydney,0.0,0,0,0,2,0,0,0,0,Low,0
Paddy Cross,Melbourne,0.0,0,0,0,2,0,0,0,0,Low,0
Paddy Dow,St Kilda,0.0,0,0,0,2,0,0,0,0,Low,0
Patrick Said,St Kilda,0.0,0,0,0,2,0,0,0,0,Low,0
Patrick Snell,Sydney,0.0,0,0,0,2,0,0,0,0,Low,0
Reece Torrent,Brisbane,0.0,0,0,0,2,0,0,0,0,Low,0
Reef McInnes,Collingwood,0.0,0,0,0,2,0,0,0,0,Low,0
Reilly O'Brien,Adelaide,0.0,0,0,0,2,0,0,0,0,Low,0
Rhett Bazzo,West Coast,0.0,0,0,0,2,0,0,0,0,Low,0
Rhyan Mansell,Richmond,0.0,0,0,0,2,0,0,0,0,Low,0
Rhylee West,Western Bulldogs,0.0,0,0,0,2,0,0,0,0,Low,0
Rhys Stanley,Geelong,0.0,0,0,0,2,0,0,0,0,Low,0
Rhys Unwin,Essendon,0.0,0,0,0,2,0,0,0,0,Low,0
Riak Andrew,Sydney,0.0,0,0,0,2,0,0,0,0,Low,0
Ricky Mentha,Melbourne,0.0,0,0,0,2,0,0,0,0,Low,0
Riley Garcia,Western Bulldogs,0.0,0,0,0,2,0,0,0,0,Low,0
Riley Hamilton,Greater Western Sydney,0.0,0,0,0,2,0,0,0,0,Low,0
Riley Hardeman,North Melbourne,0.0,0,0,0,2,0,0,0,0,Low,0
Riley Onley,Melbourne,0.0,0,0,0,2,0,0,0,0,Low,0
River Stevens,North Melbourne,0.0,0,0,0,2,0,0,0,0,Low,0
Roan Steele,Collingwood,0.0,0,0,0,2,0,0,0,0,Low,0
Rob Monahan,Carlton,0.0,0,0,0,2,0,0,0,0,Low,0
Robert Hansen Jr,North Melbourne,0.0,0,0,0,2,0,0,0,0,Low,0
Rory Lobb,Western Bulldogs,0.0,0,0,0,2,0,0,0,0,Low,0
Ryan Angwin,Greater Western Sydney,0.0,0,0,0,2,0,0,0,0,Low,0
Ryan Byrnes,St Kilda,0.0,0,0,0,2,0,0,0,0,Low,0
Ryan Gardner,Western Bulldogs,0.0,0,0,0,2,0,0,0,0,Low,0
Ryan Lester,Brisbane,0.0,0,0,0,2,0,0,0,0,Low,0
Ryan Maric,West Coast,0.0,0,0,0,2,0,0,0,0,Low,0
Ryda Luke,Fremantle,0.0,0,0,0,2,0,0,0,0,Low,0
Saad El-Hawli,Essendon,0.0,0,0,0,2,0,0,0,0,Low,0
Sam Allen,West Coast,0.0,0,0,0,2,0,0,0,0,Low,0
Sam Banks,Richmond,0.0,0,0,0,2,0,0,0,0,Low,0
Sam Butler,Hawthorn,0.0,0,0,0,2,0,0,0,0,Low,0
Sam Clohesy,Gold Coast,0.0,0,0,0,2,0,0,0,0,Low,0
Sam Collins,Gold Coast,0.0,0,0,0,2,0,0,0,0,Low,0
Sam Cumming,Richmond,0.0,0,0,0,2,0,0,0,0,Low,0
Sam Davidson,Western Bulldogs,0.0,0,0,0,2,0,0,0,0,Low,0
Sam Draper,Brisbane,0.0,0,0,0,2,0,0,0,0,Low,0
Sam Grlj,Richmond,0.0,0,0,0,2,0,0,0,0,Low,0
Sam Lalor,Richmond,0.0,0,0,0,2,0,0,0,0,Low,0
Sam Marshall,Brisbane,0.0,0,0,0,2,0,0,0,0,Low,0
Sam Powell-Pepper,Port Adelaide,0.0,0,0,0,2,0,0,0,0,Low,0
Sam Sturt,Fremantle,0.0,0,0,0,2,0,0,0,0,Low,0
Sam Swadling,Collingwood,0.0,0,0,0,2,0,0,0,0,Low,0
Sam Switkowski,Fremantle,0.0,0,0,0,2,0,0,0,0,Low,0
Sam Wicks,Sydney,0.0,0,0,0,2,0,0,0,0,Low,0
Samson Ryan,Richmond,0.0,0,0,0,2,0,0,0,0,Low,0
Sandy Brock,West Coast,0.0,0,0,0,2,0,0,0,0,Low,0
Sean Darcy,Fremantle,0.0,0,0,0,2,0,0,0,0,Low,0
Seth Campbell,Richmond,0.0,0,0,0,2,0,0,0,0,Low,0
Shadeau Brain,Brisbane,0.0,0,0,0,2,0,0,0,0,Low,0
Shane McAdam,Melbourne,0.0,0,0,0,2,0,0,0,0,Low,0
Sid Draper,Adelaide,0.0,0,0,0,2,0,0,0,0,Low,0
Steele Sidebottom,Collingwood,0.0,0,0,0,2,0,0,0,0,Low,0
Steely Green,Richmond,0.0,0,0,0,2,0,0,0,0,Low,0
Steven May,Melbourne,0.0,0,0,0,2,0,0,0,0,Low,0
Sullivan Robey,Essendon,0.0,0,0,0,2,0,0,0,0,Low,0
Tai Hayes,Brisbane,0.0,0,0,0,2,0,0,0,0,Low,0
Taj Hotton,Richmond,0.0,0,0,0,2,0,0,0,0,Low,0
Taylor Adams,Sydney,0.0,0,0,0,2,0,0,0,0,Low,0
Taylor Goad,North Melbourne,0.0,0,0,0,2,0,0,0,0,Low,0
Tew Jiath,Collingwood,0.0,0,0,0,2,0,0,0,0,Low,0
Thomas Edwards,Essendon,0.0,0,0,0,2,0,0,0,0,Low,0
Thomas Matthews,Melbourne,0.0,0,0,0,2,0,0,0,0,Low,0
Tobie Travaglia,St Kilda,0.0,0,0,0,2,0,0,0,0,Low,0
Toby Bedford,Greater Western Sydney,0.0,0,0,0,2,0,0,0,0,Low,0
Toby Conway,Geelong,0.0,0,0,0,2,0,0,0,0,Low,0
Toby McMullin,Greater Western Sydney,0.0,0,0,0,2,0,0,0,0,Low,0
Toby Murray,Adelaide,0.0,0,0,0,2,0,0,0,0,Low,0
Toby Pink,North Melbourne,0.0,0,0,0,2,0,0,0,0,Low,0
Toby Whan,Fremantle,0.0,0,0,0,2,0,0,0,0,Low,0
Tobyn Murray,Fremantle,0.0,0,0,0,2,0,0,0,0,Low,0
Todd Marshall,Port Adelaide,0.0,0,0,0,2,0,0,0,0,Low,0
Tom Anastasopoulos,Port Adelaide,0.0,0,0,0,2,0,0,0,0,Low,0
Tom Barrass,Hawthorn,0.0,0,0,0,2,0,0,0,0,Low,0
Tom Blamires,North Melbourne,0.0,0,0,0,2,0,0,0,0,Low,0
Tom Brown,Richmond,0.0,0,0,0,2,0,0,0,0,Low,0
Tom Burton,Richmond,0.0,0,0,0,2,0,0,0,0,Low,0
Tom Campbell,Melbourne,0.0,0,0,0,2,0,0,0,0,Low,0
Tom Cochrane,Port Adelaide,0.0,0,0,0,2,0,0,0,0,Low,0
Tom Cole,West Coast,0.0,0,0,0,2,0,0,0,0,Low,0
Tom De Koning,St Kilda,0.0,0,0,0,2,0,0,0,0,Low,0
Tom Doedee,Brisbane,0.0,0,0,0,2,0,0,0,0,Low,0
Tom Green,Greater Western Sydney,0.0,0,0,0,2,0,0,0,0,Low,0
Tom Gross,West Coast,0.0,0,0,0,2,0,0,0,0,Low,0
Tom Hanily,Sydney,0.0,0,0,0,2,0,0,0,0,Low,0
Tom Lynch,Richmond,0.0,0,0,0,2,0,0,0,0,Low,0
Tom McDonald,Melbourne,0.0,0,0,0,2,0,0,0,0,Low,0
Tom Powell,North Melbourne,0.0,0,0,0,2,0,0,0,0,Low,0
Tom Sims,Richmond,0.0,0,0,0,2,0,0,0,0,Low,0
Trent Rivers,Melbourne,0.0,0,0,0,2,0,0,0,0,Low,0
Ty Gallop,Brisbane,0.0,0,0,0,2,0,0,0,0,Low,0
Tyan Prindable,Collingwood,0.0,0,0,0,2,0,0,0,0,Low,0
Tylah Williams,West Coast,0.0,0,0,0,2,0,0,0,0,Low,0
Tylar Young,West Coast,0.0,0,0,0,2,0,0,0,0,Low,0
Tyler Brockman,West Coast,0.0,0,0,0,2,0,0,0,0,Low,0
Tyler Sonsie,Richmond,0.0,0,0,0,2,0,0,0,0,Low,0
Tyler Welsh,Adelaide,0.0,0,0,0,2,0,0,0,0,Low,0
Tyrell Dewar,West Coast,0.0,0,0,0,2,0,0,0,0,Low,0
Tyson Stengle,Geelong,0.0,0,0,0,2,0,0,0,0,Low,0
Vigo Visentini,Essendon,0.0,0,0,0,2,0,0,0,0,Low,0
Wade Derksen,Carlton,0.0,0,0,0,2,0,0,0,0,Low,0
Wil Dawson,North Melbourne,0.0,0,0,0,2,0,0,0,0,Low,0
Wil Parker,Collingwood,0.0,0,0,0,2,0,0,0,0,Low,0
Wil Powell,Gold Coast,0.0,0,0,0,2,0,0,0,0,Low,0
Will Brodie,Port Adelaide,0.0,0,0,0,2,0,0,0,0,Low,0
Will Darcy,Western Bulldogs,0.0,0,0,0,2,0,0,0,0,Low,0
Will Graham,Gold Coast,0.0,0,0,0,2,0,0,0,0,Low,0
Will Lewis,Western Bulldogs,0.0,0,0,0,2,0,0,0,0,Low,0
Will Lorenz,Port Adelaide,0.0,0,0,0,2,0,0,0,0,Low,0
Will McLachlan,Brisbane,0.0,0,0,0,2,0,0,0,0,Low,0
Willem Drew,Port Adelaide,0.0,0,0,0,2,0,0,0,0,Low,0
William Edwards,Sydney,0.0,0,0,0,2,0,0,0,0,Low,0
William Green,Sydney,0.0,0,0,0,2,0,0,0,0,Low,0
William Hayes,Collingwood,0.0,0,0,0,2,0,0,0,0,Low,0
William McCabe,Hawthorn,0.0,0,0,0,2,0,0,0,0,Low,0
Xavier Duursma,Essendon,0.0,0,0,0,2,0,0,0,0,Low,0
Xavier Lindsay,Melbourne,0.0,0,0,0,2,0,0,0,0,Low,0
Xavier O'Halloran,Greater Western Sydney,0.0,0,0,0,2,0,0,0,0,Low,0
Xavier Taylor,Melbourne,0.0,0,0,0,2,0,0,0,0,Low,0
Xavier Walsh,Port Adelaide,0.0,0,0,0,2,0,0,0,0,Low,0
Zac Banch,North Melbourne,0.0,0,0,0,2,0,0,0,0,Low,0
Zac Fisher,North Melbourne,0.0,0,0,0,2,0,0,0,0,Low,0
Zac McCarthy,Collingwood,0.0,0,0,0,2,0,0,0,0,Low,0
Zac Taylor,Adelaide,0.0,0,0,0,2,0,0,0,0,Low,0
Zac Walker,Western Bulldogs,0.0,0,0,0,2,0,0,0,0,Low,0
Zac Williams,Carlton,0.0,0,0,0,2,0,0,0,0,Low,0
Zach Guthrie,Geelong,0.0,0,0,0,2,0,0,0,0,Low,0
Zak Evans,Gold Coast,0.0,0,0,0,2,0,0,0,0,Low,0
Zak Johnson,Essendon,0.0,0,0,0,2,0,0,0,0,Low,0
Zane Duursma,North Melbourne,0.0,0,0,0,2,0,0,0,0,Low,0
Zane Peucker,Richmond,0.0,0,0,0,2,0,0,0,0,Low,0
Zane Zakostelsky,Brisbane,0.0,0,0,0,2,0,0,0,0,Low,0
